Workbook

Sheet Skills Inventory
A1: Skill Name | B1: Category | C1: Tier | D1: Language | E1: Status | F1: Adoption %
A2: docx-generator | B2: Document Gen | C2: Day 1 | D2: Node.js | E2: Active | F2: 0.85
A3: pptx-generator | B3: Document Gen | C3: Day 1 | D3: Node.js | E3: Active | F3: 0.72
A4: xlsx-generator | B4: Document Gen | C4: Day 1 | D4: Python | E4: Active | F4: 0.65
A5: frontend-design | B5: Design | C5: Week 1 | D5: TypeScript | E5: Active | F5: 0.9
A6: shadcn | B6: Design | C6: Week 1 | D6: TypeScript | E6: Active | F6: 0.88
A7: browse | B7: QA/Testing | C7: Week 1 | D7: Node.js | E7: Active | F7: 0.78
A8: qa | B8: QA/Testing | C8: Week 2-3 | D8: Node.js | E8: Active | F8: 0.6
A9: investigate | B9: Debugging | C9: Week 1 | D9: Node.js | E9: Active | F9: 0.82
A10: ship | B10: Deployment | C10: Week 2-3 | D10: Bash | E10: Active | F10: 0.55
A11: review | B11: Code Review | C11: Week 2-3 | D11: Node.js | E11: Active | F11: 0.7
A12: mcp-builder | B12: Integration | C12: Week 4+ | D12: TypeScript | E12: Planned | F12: 0.2
A13: office-hours | B13: Strategy | C13: Week 4+ | D13: Node.js | E13: Planned | F13: 0.15
... A16: vitest | B16: Testing | C16: Week 1 | D16: TypeScript | E16: Active | F16: 0.75

Sheet Summary Dashboard
A1: AI Skills Adoption Dashboard
A3: Total Skills | B3: Active Skills | C3: Avg Adoption | D3: Day 1 Skills
A4: =COUNTA('Skills Inventory'!A2:A100) | B4: =COUNTIF('Skills Inventory'!E2:E100,"Active") | C4: =AVERAGE('Skills Inventory'!F2:F16) | D4: =COUNTIF('Skills Inventory'!C2:C100,"Day 1")
A6: Category Breakdown
A7: Category | B7: Count | C7: Avg Adoption
A8: Document Gen | B8: =COUNTIF('Skills Inventory'!B:B,A8) | C8: =AVERAGEIF('Skills Inventory'!B:B,A8,'Skills Inventory'!F:F)
A9: Design | B9: =COUNTIF('Skills Inventory'!B:B,A9) | C9: =AVERAGEIF('Skills Inventory'!B:B,A9,'Skills Inventory'!F:F)
A10: QA/Testing | B10: =COUNTIF('Skills Inventory'!B:B,A10) | C10: =AVERAGEIF('Skills Inventory'!B:B,A10,'Skills Inventory'!F:F)
A11: Debugging | B11: =COUNTIF('Skills Inventory'!B:B,A11) | C11: =AVERAGEIF('Skills Inventory'!B:B,A11,'Skills Inventory'!F:F)
A12: Deployment | B12: =COUNTIF('Skills Inventory'!B:B,A12) | C12: =AVERAGEIF('Skills Inventory'!B:B,A12,'Skills Inventory'!F:F)
A13: Code Review | B13: =COUNTIF('Skills Inventory'!B:B,A13) | C13: =AVERAGEIF('Skills Inventory'!B:B,A13,'Skills Inventory'!F:F)
A14: Integration | B14: =COUNTIF('Skills Inventory'!B:B,A14) | C14: =AVERAGEIF('Skills Inventory'!B:B,A14,'Skills Inventory'!F:F)
A15: Strategy | B15: =COUNTIF('Skills Inventory'!B:B,A15) | C15: =AVERAGEIF('Skills Inventory'!B:B,A15,'Skills Inventory'!F:F)
A16: Team | B16: =COUNTIF('Skills Inventory'!B:B,A16) | C16: =AVERAGEIF('Skills Inventory'!B:B,A16,'Skills Inventory'!F:F)
A17: Testing | B17: =COUNTIF('Skills Inventory'!B:B,A17) | C17: =AVERAGEIF('Skills Inventory'!B:B,A17,'Skills Inventory'!F:F)

Sheet Adoption Timeline
A1: Tier | B1: Timeline | C1: Skills Count | D1: Target Adoption | E1: Priority
A2: Day 1 | B2: Immediate | C2: =COUNTIF('Skills Inventory'!C:C,"Day 1") | D2: 0.9 | E2: Critical
A3: Week 1 | B3: First week | C3: =COUNTIF('Skills Inventory'!C:C,"Week 1") | D3: 0.75 | E3: High
A4: Week 2-3 | B4: Weeks 2-3 | C4: =COUNTIF('Skills Inventory'!C:C,"Week 2-3") | D4: 0.6 | E4: Medium
A5: Week 4+ | B5: Month 2+ | C5: =COUNTIF('Skills Inventory'!C:C,"Week 4+") | D5: 0.4 | E5: Low
A6: TOTAL | C6: =SUM(C2:C5)
